{"autocorrelation": 4.415567874908447e-05, "fourier_transform": 1.3139719963073731e-05, "fermat_factor": 0.0005286403608322144}